{"cameraMode":{"drawMode":0,"name":"Shaded","section":"Shading Mode"},"sceneLighting":false,"audioPlay":false,"sceneViewState":{"m_AlwaysRefresh":false,"showFog":true,"showSkybox":true,"showFlares":true,"showImageEffects":true,"showParticleSystems":true,"showVisualEffectGraphs":true,"m_FxEnabled":false},"in2DMode":false,"pivot":{"x":491.7877197265625,"y":45.46263122558594,"z":-168.61090087890626},"rotation":{"x":-0.27568644285202029,"y":-0.006634871941059828,"z":0.0019031469710171223,"w":-0.9612243175506592},"size":597.8760375976563,"orthographic":false}